student_id,content,wording
000000ffffff,-1.0327834,-1.1587825
222222cccccc,-1.0327834,-1.1587825
111111eeeeee,-1.0327834,-1.1587825
333333dddddd,-1.0327834,-1.1587825
